sensor_id,trip_id,timestamp,elapsed_seconds,accel_x,accel_y,accel_z,speed_kmh,gps_lat,gps_lon,acc_dir_change,manuever_acceleration,driving_event,dynamic_trip_score
ACC167,TRIP001,2024-02-06 06:01:40,100,2.7,1.5,9.6,57,28.6719,77.2565,0.0,0.0,Normal,1.0
ACC108,TRIP001,2024-02-06 06:12:00,720,1.0,0.8,9.7,53,28.6525,77.2256,0.1676424378312158,0.0029162325722734365,Normal,1.0
ACC117,TRIP001,2024-02-06 06:12:48,768,1.3,1.5,8.6,44,12.843,77.5256,0.1819646859591859,0.014673301596694813,Normal,1.0
ACC110,TRIP001,2024-02-06 06:13:48,828,2.2,1.7,9.7,39,12.8335,77.5164,0.19881702300052861,0.013255740512727465,Normal,1.0
ACC207,TRIP001,2024-02-06 06:15:42,942,2.5,1.8,8.6,54,12.8269,77.5272,0.033865552205453175,0.002634180747879858,Normal,1.0
ACC091,TRIP001,2024-02-06 06:19:49,1189,2.9,0.6,8.6,27,19.2009,72.6205,0.4200050733842083,0.00048245255529434476,Normal,1.0
ACC001,TRIP001,2024-02-06 06:45:00,0,0.2,0.1,9.8,0,19.1334,72.8291,0.2596296294082575,0.0018119204376189214,Normal,1.0
ACC002,TRIP001,2024-02-06 06:45:30,30,0.8,0.3,9.7,25,19.1289,72.8312,0.1048769387302339,0.021026452559392474,Normal,1.0
ACC003,TRIP001,2024-02-06 06:46:00,60,1.2,0.5,9.6,38,19.1245,72.8345,0.03602044942918936,0.01485332084894156,Normal,1.0
ACC004,TRIP001,2024-02-06 06:46:30,90,0.4,0.2,9.7,42,19.1198,72.8378,0.06885648930104454,0.028426213483334736,Normal,1.0
ACC005,TRIP001,2024-02-06 06:55:00,600,0.3,0.1,9.8,45,19.0698,72.8512,0.14189705460416385,0.00025683495977082364,Normal,1.0
ACC006,TRIP001,2024-02-06 07:02:30,1050,2.1,1.2,8.9,18,19.0596,72.8656,0.19739555984988066,0.004672110129939393,Normal,1.0
ACC007,TRIP001,2024-02-06 07:03:00,1080,0.2,0.1,9.8,0,19.0596,72.8656,0.05549850524571681,0.07316901755798619,Normal,1.0
ACC203,TRIP002,2024-02-06 06:00:15,15,0.7,1.9,9.5,48,19.1816,72.634,0.0,0.0,Normal,1.0
ACC048,TRIP002,2024-02-06 06:02:43,163,2.6,1.7,9.0,29,28.6464,77.2369,0.6387316696002553,0.007308102974798345,Normal,1.0
ACC232,TRIP002,2024-02-06 06:02:47,167,1.2,0.2,9.7,53,12.8401,77.4987,0.4139255919531039,0.4724731018355424,Sudden Maneuver,0.85
ACC177,TRIP002,2024-02-06 06:08:00,480,2.7,0.4,9.1,42,12.8598,77.4939,0.018070322026224356,0.0048335984240625955,Normal,0.85
ACC182,TRIP002,2024-02-06 06:19:16,1156,0.7,1.7,9.2,37,12.8298,77.4943,1.0331109277088073,0.001318034292464812,Sudden Maneuver,0.7
ACC214,TRIP002,2024-02-06 06:22:00,1320,2.6,1.7,9.3,32,19.1805,72.6215,0.6011150137294791,0.007731507819004817,Normal,0.7
ACC008,TRIP002,2024-02-06 07:15:00,0,0.3,0.2,9.8,0,19.0596,72.8656,0.00892833417983685,0.0008634873540425831,Normal,0.7
ACC009,TRIP002,2024-02-06 07:15:30,30,1.1,0.6,9.5,32,19.0545,72.8678,0.08865588186743756,0.029748042702258934,Normal,0.7
ACC010,TRIP002,2024-02-06 07:16:00,60,0.5,0.3,9.7,48,19.0489,72.8702,0.041072778590454107,0.022330040637654567,Normal,0.7
ACC011,TRIP002,2024-02-06 07:22:00,420,4.2,3.1,7.2,28,19.0123,72.8889,0.09541892325316093,0.012880716847140958,Normal,0.7
ACC012,TRIP002,2024-02-06 07:22:30,450,5.8,4.3,5.9,12,19.0098,72.8912,0.0021225757457652428,0.0666652516006201,Normal,0.7
ACC013,TRIP002,2024-02-06 07:23:00,480,6.2,5.1,5.1,5,19.0078,72.8934,0.05039777814593838,0.026932164403221423,Normal,0.7
ACC014,TRIP002,2024-02-06 07:23:30,510,3.8,2.9,7.8,18,19.0056,72.8956,0.036489663109871784,0.10826361244945577,Sudden Maneuver,0.55
ACC015,TRIP002,2024-02-06 07:24:00,540,2.1,1.5,8.9,32,19.0034,72.8978,0.031619628322755444,0.07331565936580199,Normal,0.55
ACC016,TRIP002,2024-02-06 07:30:00,900,0.4,0.2,9.7,52,18.9856,72.9123,0.1566018769820154,0.005926344401702307,Normal,0.55
ACC017,TRIP002,2024-02-06 07:37:30,1350,1.8,1.2,9.1,15,18.9812,72.8234,0.12435499454676141,0.0038135937106187454,Normal,0.55
ACC018,TRIP002,2024-02-06 07:38:00,1380,0.2,0.1,9.8,0,18.9801,72.8223,0.12435499454676141,0.06465746558428048,Normal,0.55
ACC199,TRIP003,2024-02-06 06:03:07,187,2.3,0.5,9.0,21,19.1954,72.6489,0.0,0.0,Normal,1.0
ACC242,TRIP003,2024-02-06 06:10:00,600,0.7,1.6,9.7,20,28.6683,77.2436,0.9443252016336878,0.0014704492482582703,Sudden Maneuver,0.85
ACC144,TRIP003,2024-02-06 06:22:52,1372,0.4,0.4,9.0,31,12.8339,77.5026,0.372987721800061,0.0015294553040259842,Normal,0.85
ACC217,TRIP003,2024-02-06 06:24:09,1449,1.4,0.9,9.2,10,28.6631,77.2269,0.21406068356382146,0.014268133412468645,Normal,0.85
ACC052,TRIP003,2024-02-06 06:24:30,1470,1.0,1.3,9.0,58,19.2023,72.6327,0.34376322071973364,0.0011528452868405225,Normal,0.85
ACC125,TRIP003,2024-02-06 06:25:52,1552,0.8,1.0,9.4,28,19.1946,72.6295,0.01904531598201653,0.004384110965842718,Normal,0.85
ACC061,TRIP003,2024-02-06 06:25:57,1557,1.6,0.3,9.4,60,28.6567,77.2281,0.7107074345756492,0.0694514424246802,Normal,0.85
ACC019,TRIP003,2024-02-06 07:52:00,0,0.3,0.2,9.8,0,18.9801,72.8223,0.40265465355187285,0.00024546328337469916,Normal,0.85
ACC020,TRIP003,2024-02-06 07:52:30,30,0.9,0.4,9.6,28,18.9823,72.8245,0.1697782739683385,0.020811021754440384,Normal,0.85
ACC021,TRIP003,2024-02-06 08:00:00,480,0.5,0.3,9.7,55,19.0234,72.8456,0.12219517069135505,0.0008928679793224012,Normal,0.85
ACC022,TRIP003,2024-02-06 08:08:00,960,0.4,0.2,9.7,48,19.0789,72.8612,0.07677189126977807,0.000283086654134525,Normal,0.85
ACC023,TRIP003,2024-02-06 08:14:30,1350,1.6,1.0,9.2,22,19.1123,72.8712,0.09495170634275635,0.003691237515157341,Normal,0.85
ACC024,TRIP003,2024-02-06 08:15:00,1380,0.2,0.1,9.8,0,19.1156,72.8734,0.09495170634275635,0.05543964762204474,Normal,0.85
ACC208,TRIP004,2024-02-06 06:02:41,161,1.2,0.7,8.9,21,19.1832,72.626,0.0,0.0,Normal,1.0
ACC188,TRIP004,2024-02-06 06:02:45,165,1.0,0.4,8.7,39,12.8485,77.507,0.14756807131399474,0.07805285937951989,Normal,1.0
ACC078,TRIP004,2024-02-06 06:04:31,271,2.8,1.8,9.6,23,19.1873,72.6302,0.1908311027212619,0.021241796547091945,Normal,1.0
ACC067,TRIP004,2024-02-06 06:15:56,956,2.6,0.2,9.3,41,28.6545,77.2423,0.4945655885638488,0.001052529099762902,Normal,1.0
ACC128,TRIP004,2024-02-06 06:18:17,1097,2.9,1.4,8.7,47,28.645,77.2301,0.372987721800061,0.004344450181133789,Normal,1.0
ACC046,TRIP004,2024-02-06 06:27:32,1652,0.2,1.0,8.7,59,12.8539,77.5134,0.9236411538751769,0.003964764927752012,Sudden Maneuver,0.85
ACC068,TRIP004,2024-02-06 06:29:24,1764,0.4,0.5,9.2,8,19.1819,72.6236,0.47734538237367197,0.0033883167765649297,Normal,0.85
ACC081,TRIP005,2024-02-06 06:11:42,702,0.7,1.3,8.8,31,12.8313,77.4977,0.0,0.0,Normal,1.0
ACC066,TRIP005,2024-02-06 06:16:08,968,0.8,1.0,9.0,6,28.6747,77.2482,0.18079957330397156,0.0007363062351006402,Normal,1.0
ACC224,TRIP005,2024-02-06 06:17:19,1039,2.3,1.7,9.6,2,19.1776,72.6415,0.2595471687833928,0.022245705376457023,Normal,1.0
ACC084,TRIP005,2024-02-06 06:18:51,1131,0.5,0.3,8.9,57,28.6387,77.2401,0.09608871551736697,0.024749725431853137,Normal,1.0
ACC115,TRIP005,2024-02-06 06:19:15,1155,2.8,1.0,8.8,23,19.1708,72.6368,0.19739555984988072,0.09958827333246546,Normal,1.0
ACC055,TRIP005,2024-02-06 06:20:21,1221,0.3,0.8,9.8,33,28.6437,77.2526,0.869001716103621,0.03210323295351436,Sudden Maneuver,0.85
ACC101,TRIP005,2024-02-06 06:29:22,1762,2.3,0.3,9.1,11,28.6648,77.261,1.0823231193684122,0.002708100418515503,Sudden Maneuver,0.7
ACC116,TRIP006,2024-02-06 06:03:54,234,2.4,0.4,8.9,37,28.6616,77.2553,0.0,0.0,Normal,1.0
ACC143,TRIP006,2024-02-06 06:09:29,569,0.6,1.2,9.3,31,12.8408,77.507,0.9420000403794635,0.003258102166028101,Sudden Maneuver,0.85
ACC112,TRIP006,2024-02-06 06:15:31,931,1.0,1.5,9.0,48,19.1762,72.6231,0.12435499454676135,0.0012738531801992285,Normal,0.85
ACC083,TRIP006,2024-02-06 06:19:08,1148,0.1,0.2,9.6,57,28.655,77.2536,0.12435499454676135,0.007277275760285786,Normal,0.85
ACC200,TRIP006,2024-02-06 06:19:22,1162,1.8,1.8,8.7,48,12.8325,77.5023,0.32175055439664213,0.1658555438943994,Sudden Maneuver,0.7
ACC216,TRIP007,2024-02-06 06:02:06,126,1.4,1.6,9.6,45,12.8442,77.5093,0.0,0.0,Normal,1.0
ACC181,TRIP007,2024-02-06 06:03:07,187,2.0,1.3,9.3,1,19.2037,72.643,0.2755911065820884,0.0042515233742357805,Normal,1.0
ACC136,TRIP007,2024-02-06 06:05:21,321,0.8,1.1,8.7,26,28.6457,77.2518,0.36562481978828,0.007650933115684837,Normal,1.0
ACC044,TRIP007,2024-02-06 06:07:31,451,1.4,0.6,9.6,48,28.6633,77.2471,0.5371082540943803,0.0012539043869172083,Normal,1.0
ACC097,TRIP007,2024-02-06 06:10:59,659,1.4,0.9,8.8,30,12.8514,77.5136,0.16644569354854338,0.0006787359448872216,Normal,1.0
ACC228,TRIP007,2024-02-06 06:15:02,902,1.4,0.6,9.0,33,12.8471,77.5121,0.16644569354854338,0.0005809756236071691,Normal,1.0
ACC183,TRIP007,2024-02-06 06:20:20,1220,0.1,1.7,8.7,8,19.1789,72.6159,1.1071487177940906,0.0005653585390561586,Sudden Maneuver,0.85
ACC063,TRIP007,2024-02-06 06:22:10,1330,1.2,1.8,9.1,15,28.6498,77.2651,0.529246780831845,0.004185382988052303,Normal,0.85
ACC073,TRIP007,2024-02-06 06:25:31,1531,1.0,0.2,9.1,58,19.1889,72.6317,0.7853981633974483,0.005689188370944459,Normal,0.85
ACC051,TRIP008,2024-02-06 06:01:54,114,0.8,0.2,8.9,17,28.6503,77.2561,0.0,0.0,Normal,1.0
ACC065,TRIP008,2024-02-06 06:02:25,145,1.6,0.6,9.1,34,19.202,72.6444,0.11379200714370805,0.028521923352902392,Normal,1.0
ACC064,TRIP008,2024-02-06 06:07:51,471,1.8,0.1,9.4,3,19.1793,72.6335,0.3032721650248553,0.00028826652965793906,Normal,1.0
ACC075,TRIP008,2024-02-06 06:08:24,504,1.8,0.2,8.6,42,12.8248,77.5249,0.05515871592817881,0.00025155726956026963,Normal,1.0
ACC088,TRIP008,2024-02-06 06:13:03,783,2.6,1.7,8.8,52,12.8264,77.5173,0.4684170481938351,0.004642895647936667,Normal,1.0
ACC163,TRIP008,2024-02-06 06:15:44,944,1.9,1.0,9.4,57,12.8565,77.495,0.09459634033070752,0.005958719615176552,Normal,1.0
ACC130,TRIP008,2024-02-06 06:18:13,1093,0.5,0.2,8.6,18,12.8272,77.4899,0.10397155192465835,0.01079580251439556,Normal,1.0
ACC151,TRIP008,2024-02-06 06:20:27,1227,1.6,1.8,9.6,17,12.8421,77.5046,0.46364760900080604,0.01395374951526126,Normal,1.0
ACC025,TRIP008,2024-02-06 17:30:00,0,0.3,0.2,9.8,0,12.9698,77.75,0.2561513825656033,5.097363373937869e-05,Normal,1.0
ACC026,TRIP008,2024-02-06 17:30:30,30,1.2,0.7,9.5,35,12.9656,77.7478,0.05992815512120797,0.03428964237995272,Normal,1.0
ACC027,TRIP008,2024-02-06 17:38:00,480,0.6,0.3,9.6,58,12.9523,77.7123,0.06442683942555355,0.0015964977904334302,Normal,1.0
ACC028,TRIP008,2024-02-06 17:45:00,900,0.5,0.2,9.7,52,12.9389,77.6845,0.08314123188844119,0.0003150093155630629,Normal,1.0
ACC029,TRIP008,2024-02-06 17:52:00,1320,0.4,0.2,9.7,48,12.9312,77.6612,0.08314123188844119,0.00021738782193688692,Normal,1.0
ACC030,TRIP008,2024-02-06 17:57:30,1650,1.5,1.1,9.3,25,12.9789,77.6412,0.16910122600137706,0.004281496752345059,Normal,1.0
ACC031,TRIP008,2024-02-06 17:58:00,1680,0.2,0.1,9.8,0,12.9784,77.6408,0.16910122600137706,0.054550024200794946,Normal,1.0
ACC082,TRIP009,2024-02-06 06:09:26,566,0.2,0.7,8.7,16,19.1695,72.6269,0.0,0.0,Normal,1.0
ACC198,TRIP009,2024-02-06 06:11:58,718,0.1,1.8,9.2,25,28.6678,77.2622,0.22280115375939435,0.007070820057920676,Normal,1.0
ACC105,TRIP009,2024-02-06 06:15:00,900,0.3,0.6,8.9,20,28.6567,77.2349,0.4081491037550893,0.0062195343103409765,Normal,1.0
ACC192,TRIP009,2024-02-06 06:16:11,971,0.3,1.7,8.6,6,12.8582,77.5168,0.28897540999256655,0.01486545432272211,Normal,1.0
ACC090,TRIP009,2024-02-06 06:21:53,1313,1.6,1.4,9.6,21,19.2044,72.6212,0.6772941281650325,0.0011688933110635183,Normal,1.0
ACC056,TRIP009,2024-02-06 06:24:36,1476,0.4,1.8,9.5,49,28.6717,77.2258,0.6332973812993302,0.0017307992091309973,Normal,1.0
ACC204,TRIP009,2024-02-06 06:25:29,1529,1.3,0.3,9.2,14,12.8331,77.4896,1.1253285328670688,0.009617782736715924,Sudden Maneuver,0.85
ACC174,TRIP009,2024-02-06 06:25:33,1533,2.0,1.2,9.6,60,28.6422,77.2401,0.3136206522166983,0.2495535878813716,Sudden Acceleration,0.65
ACC148,TRIP010,2024-02-06 06:00:59,59,2.9,1.3,8.8,10,12.8552,77.5087,0.0,0.0,Normal,1.0
ACC160,TRIP010,2024-02-06 06:03:21,201,2.3,1.4,8.6,10,19.1956,72.6274,0.12536963400144313,0.0034187838932879487,Normal,1.0
ACC195,TRIP010,2024-02-06 06:05:16,316,2.0,0.5,8.6,54,12.8242,77.5096,0.3018101777623833,0.005487213832681926,Normal,1.0
ACC149,TRIP010,2024-02-06 06:07:40,460,3.0,1.8,9.1,7,28.6378,77.2417,0.29544083714372005,0.009979293917349653,Normal,1.0
ACC079,TRIP010,2024-02-06 06:10:19,619,1.9,2.0,9.4,0,19.1833,72.6317,0.2706140716485417,0.0046537628432731844,Normal,1.0
ACC095,TRIP010,2024-02-06 06:13:44,824,2.1,1.2,8.7,42,28.6497,77.2417,0.29188745767260293,0.0016582708309130698,Normal,1.0
ACC172,TRIP010,2024-02-06 06:15:59,959,2.9,0.4,9.8,55,28.6721,77.2575,0.38207993993633527,0.003768732660528332,Normal,1.0
ACC145,TRIP010,2024-02-06 06:18:46,1126,0.2,0.3,8.8,7,28.6751,77.2579,0.8457275489371414,0.015370665306074794,Sudden Maneuver,0.85
ACC168,TRIP010,2024-02-06 06:21:43,1303,0.7,0.6,9.5,49,19.1901,72.6241,0.2741674511196588,0.003171747560355309,Normal,0.85
ACC072,TRIP010,2024-02-06 06:26:44,1604,1.7,1.5,8.7,18,12.8479,77.5185,0.014353081273820734,0.004469110843925708,Normal,0.85
ACC032,TRIP010,2024-02-06 19:05:00,0,0.3,0.2,9.8,0,12.9352,77.6245,0.13497674985392338,4.190701780825848e-05,Normal,0.85
ACC033,TRIP010,2024-02-06 19:05:30,30,1.4,0.8,9.4,38,12.9312,77.6212,0.0688564893010446,0.04172988073711036,Normal,0.85
ACC034,TRIP010,2024-02-06 19:15:00,600,0.6,0.3,9.6,62,12.8956,77.5823,0.05549850524571692,0.001651984484929426,Normal,0.85
ACC035,TRIP010,2024-02-06 19:22:00,1020,3.8,2.9,7.8,42,12.8712,77.5512,0.18822150530477083,0.009784159447230741,Normal,0.85
ACC036,TRIP010,2024-02-06 19:22:30,1050,5.2,4.1,6.3,22,12.8689,77.5489,0.01579647428777775,0.0613921963790158,Normal,0.85
ACC037,TRIP010,2024-02-06 19:23:00,1080,6.8,5.4,4.8,8,12.8667,77.5467,0.003478246842654187,0.06871280286598808,Normal,0.85
ACC038,TRIP010,2024-02-06 19:23:30,1110,4.5,3.6,7.1,15,12.8645,77.5445,0.003597106787543769,0.09735018415824669,Normal,0.85
ACC039,TRIP010,2024-02-06 19:24:00,1140,2.8,2.1,8.5,28,12.8623,77.5423,0.03123983343026815,0.07542706045631879,Normal,0.85
ACC040,TRIP010,2024-02-06 19:30:00,1500,0.5,0.3,9.7,55,12.8456,77.5234,0.10308160852270032,0.008102513362542972,Normal,0.85
ACC041,TRIP010,2024-02-06 19:34:30,1770,1.4,0.9,9.4,18,12.8406,77.227,0.030917979563042652,0.004004579660091829,Normal,0.85
ACC042,TRIP010,2024-02-06 19:35:00,1800,0.2,0.1,9.8,0,12.8406,77.227,0.10768987083282072,0.048024163331978155,Normal,0.85
ACC155,TRIP011,2024-02-06 06:13:00,780,1.2,1.4,9.6,9,28.6562,77.2619,0.0,0.0,Normal,1.0
ACC219,TRIP011,2024-02-06 06:13:11,791,0.9,1.5,9.4,58,19.179,72.6323,0.1682067718570862,0.008602120273180646,Normal,1.0
ACC107,TRIP011,2024-02-06 06:28:25,1705,1.3,1.8,9.3,44,28.6559,77.2278,0.08506553996864497,0.0005153990838773105,Normal,1.0
ACC158,TRIP011,2024-02-06 06:29:04,1744,1.1,1.4,9.2,20,28.665,77.2513,0.04048419713988083,0.011279767939511963,Normal,1.0
ACC132,TRIP011,2024-02-06 06:29:24,1764,1.5,1.7,9.0,4,19.2044,72.6201,0.05701011602238104,0.02433537141372206,Normal,1.0
ACC223,TRIP012,2024-02-06 06:07:18,438,1.1,1.6,8.7,8,19.1803,72.6172,0.0,0.0,Normal,1.0
ACC170,TRIP012,2024-02-06 06:11:09,669,2.3,0.4,8.7,34,28.6426,77.2617,0.7963181661369934,0.0017007563726882686,Normal,1.0
ACC094,TRIP012,2024-02-06 06:11:16,676,1.9,1.4,8.7,57,12.8228,77.5159,0.4628359208673747,0.003651605465062729,Normal,1.0
ACC092,TRIP012,2024-02-06 06:17:27,1047,0.4,1.8,8.7,2,28.6688,77.2428,0.7171006455306409,0.0013913095762334547,Normal,1.0
ACC059,TRIP012,2024-02-06 06:18:06,1086,2.8,1.2,9.1,7,19.1873,72.6411,0.9472355946358713,0.030830778227871426,Sudden Maneuver,0.85
ACC175,TRIP012,2024-02-06 06:21:08,1268,2.7,1.2,9.7,14,19.1928,72.6289,0.013332543294145627,0.0005035818780589652,Normal,0.85
ACC218,TRIP012,2024-02-06 06:26:26,1586,1.1,1.2,9.5,41,12.8567,77.5048,0.41062472920975,0.004172249311097046,Normal,0.85
ACC221,TRIP013,2024-02-06 06:10:34,634,1.7,1.3,8.9,8,19.1896,72.6475,0.0,0.0,Normal,1.0
ACC096,TRIP013,2024-02-06 06:19:25,1165,1.0,1.1,8.5,18,28.6672,77.2323,0.1801346355736574,0.001230671527629791,Normal,1.0
ACC047,TRIP013,2024-02-06 06:21:06,1266,2.7,0.8,8.7,4,19.1879,72.6432,0.5449258196238058,0.013162561320137567,Normal,1.0
ACC166,TRIP013,2024-02-06 06:23:52,1432,1.0,2.0,9.4,17,28.6517,77.2372,0.8190932707434646,0.003493720425096115,Sudden Maneuver,0.85
ACC215,TRIP013,2024-02-06 06:25:13,1513,2.7,1.0,9.6,41,12.8432,77.5275,0.7524430657831501,0.007940346077503754,Normal,0.85
ACC069,TRIP014,2024-02-06 06:02:34,154,1.4,1.7,9.2,3,19.1769,72.62,0.0,0.0,Normal,1.0
ACC229,TRIP014,2024-02-06 06:04:43,283,2.6,0.2,9.1,23,19.1984,72.6421,0.8051000473102572,0.003142708585477018,Sudden Maneuver,0.85
ACC086,TRIP014,2024-02-06 06:08:04,484,2.6,2.0,9.6,56,28.6673,77.2624,0.5789237349717582,0.0033460842352750543,Normal,0.85
ACC194,TRIP014,2024-02-06 06:14:26,866,2.6,1.5,9.8,38,12.855,77.5269,0.13241730410956076,0.0007292609670435032,Normal,0.85
ACC109,TRIP014,2024-02-06 06:20:35,1235,2.7,1.0,8.9,31,28.6672,77.2472,0.16857267012103516,0.0003317891441277322,Normal,0.85
ACC087,TRIP014,2024-02-06 06:26:42,1602,2.8,1.6,9.6,51,19.1729,72.647,0.16444046223558273,0.0009418721785880809,Normal,0.85
ACC104,TRIP014,2024-02-06 06:29:24,1764,1.5,0.6,8.8,40,28.6551,77.2317,0.13863973713415817,0.009934281834438695,Normal,0.85
ACC123,TRIP015,2024-02-06 06:00:58,58,1.5,0.7,9.1,22,28.6617,77.2405,0.0,0.0,Normal,1.0
ACC137,TRIP015,2024-02-06 06:07:54,474,0.9,0.6,9.6,4,28.661,77.237,0.15137544373402623,0.0013789162333785775,Normal,1.0
ACC154,TRIP015,2024-02-06 06:08:09,489,1.8,0.5,9.5,2,12.8548,77.5285,0.317055753209147,0.05243258577251626,Normal,1.0
ACC186,TRIP015,2024-02-06 06:17:11,1031,0.7,1.3,9.4,58,12.8405,77.4936,0.805908107536895,0.0007226418140287832,Sudden Maneuver,0.85
ACC179,TRIP016,2024-02-06 06:01:07,67,2.1,0.5,9.1,15,28.6536,77.2634,0.0,0.0,Normal,1.0
ACC239,TRIP016,2024-02-06 06:08:39,519,2.3,0.8,8.6,15,19.1912,72.6492,0.10099365644791328,0.0006116279156745431,Normal,1.0
ACC156,TRIP016,2024-02-06 06:11:19,679,2.6,1.8,9.1,33,19.1708,72.6486,0.27080782628815536,0.004544490798694972,Normal,1.0
ACC129,TRIP016,2024-02-06 06:17:54,1074,1.8,2.0,9.6,18,12.849,77.5283,0.23243656140341995,0.0011938046854522463,Normal,1.0
ACC213,TRIP016,2024-02-06 06:20:11,1211,0.3,1.1,8.9,28,12.8453,77.5211,0.4665630526355813,0.011317878717632148,Normal,1.0
ACC205,TRIP017,2024-02-06 06:02:27,147,1.3,1.5,9.1,29,28.6706,77.2576,0.0,0.0,Normal,1.0
ACC162,TRIP017,2024-02-06 06:05:48,348,0.6,1.3,9.0,43,12.8426,77.521,0.2816829230416201,0.0027520458597029124,Normal,1.0
ACC231,TRIP017,2024-02-06 06:07:34,454,2.5,1.8,9.7,26,19.199,72.6137,0.5143654982476019,0.01555473824360601,Normal,1.0
ACC127,TRIP017,2024-02-06 06:11:17,677,1.1,1.0,8.9,14,12.837,77.5191,0.11379200714370796,0.007147881100529246,Normal,1.0
ACC147,TRIP017,2024-02-06 06:15:05,905,2.3,0.5,9.2,59,12.8449,77.5092,0.5237543765566433,0.003803129756386461,Normal,1.0
ACC238,TRIP017,2024-02-06 06:17:19,1039,2.4,1.1,8.5,55,12.8227,77.5103,0.21570159553286705,0.002136979830603382,Normal,1.0
ACC230,TRIP018,2024-02-06 06:04:15,255,0.9,1.5,8.9,57,19.1942,72.6306,0.0,0.0,Normal,1.0
ACC134,TRIP018,2024-02-06 06:07:42,462,2.3,0.8,9.7,19,12.8443,77.5209,0.6956399892074978,0.0033133988595342697,Normal,1.0
ACC196,TRIP018,2024-02-06 06:07:43,463,2.4,1.7,9.8,52,12.8246,77.5004,0.2815601000792566,0.5059291015933645,Sudden Acceleration,0.8
ACC062,TRIP018,2024-02-06 06:14:26,866,2.9,1.9,9.5,44,19.1764,72.6449,0.036294163188390405,0.0013049601258099126,Normal,0.8
ACC141,TRIP018,2024-02-06 06:14:44,884,2.2,1.2,8.5,14,12.8375,77.5132,0.08065605252755081,0.053388574857978294,Normal,0.8
ACC111,TRIP018,2024-02-06 06:22:37,1357,0.2,1.3,8.7,29,19.202,72.6337,0.9188002767195015,0.0025173322905533684,Sudden Maneuver,0.65
ACC139,TRIP018,2024-02-06 06:28:12,1692,0.5,0.2,9.5,38,19.1917,72.6463,1.0376406212872666,0.0023187407853228065,Sudden Maneuver,0.5
ACC184,TRIP018,2024-02-06 06:29:34,1774,0.2,0.1,9.5,15,12.852,77.4937,0.08314123188844119,0.0038403619873594082,Normal,0.5
ACC185,TRIP019,2024-02-06 06:04:19,259,2.3,1.1,9.5,30,12.8206,77.4999,0.0,0.0,Normal,1.0
ACC054,TRIP019,2024-02-06 06:04:43,283,1.6,0.3,8.6,7,12.8345,77.5292,0.26075759894770895,0.03840115404943423,Normal,1.0
ACC076,TRIP019,2024-02-06 06:06:58,418,2.0,0.7,8.8,8,28.6582,77.2627,0.1513268693910324,0.0036376292624573205,Normal,1.0
ACC153,TRIP019,2024-02-06 06:18:23,1103,1.5,0.7,9.5,24,28.6569,77.2313,0.09995234042681411,0.0006768868238204732,Normal,1.0
ACC133,TRIP019,2024-02-06 06:27:41,1661,1.7,0.7,9.8,7,28.6648,77.2314,0.04602011611585449,0.0003282851171332233,Normal,1.0
ACC220,TRIP020,2024-02-06 06:04:49,289,2.8,0.7,9.4,42,19.1791,72.6333,0.0,0.0,Normal,1.0
ACC226,TRIP020,2024-02-06 06:12:26,746,2.1,0.6,9.1,18,19.1946,72.6118,0.03332099587824719,0.0015364135036065782,Normal,1.0
ACC197,TRIP020,2024-02-06 06:20:47,1247,2.8,1.7,8.8,11,28.6643,77.2476,0.26735539552188037,0.0021789119841271144,Normal,1.0
ACC201,TRIP020,2024-02-06 06:22:35,1355,1.3,1.3,9.0,13,19.1927,72.6209,0.23974310887045658,0.013307317034692743,Normal,1.0
ACC165,TRIP021,2024-02-06 06:10:18,618,0.7,0.8,9.1,15,12.8476,77.5076,0.0,0.0,Normal,1.0
ACC057,TRIP021,2024-02-06 06:15:29,929,0.1,1.5,9.4,32,12.8245,77.5067,0.6522618358458007,0.0014158040403981532,Normal,1.0
ACC050,TRIP021,2024-02-06 06:15:46,946,1.2,2.0,9.3,35,19.1871,72.6198,0.4738513364947603,0.048767712947107605,Normal,1.0
ACC211,TRIP021,2024-02-06 06:16:51,1011,1.4,1.2,9.3,43,19.1729,72.6409,0.32175055439664224,0.007514951791992964,Normal,1.0
ACC150,TRIP021,2024-02-06 06:17:22,1042,2.1,0.9,9.1,30,19.1857,72.6387,0.30373448584258683,0.014220098074212758,Normal,1.0
ACC159,TRIP021,2024-02-06 06:18:28,1108,0.2,0.2,9.3,58,28.6728,77.2449,0.38050637711236485,0.030331654837644755,Normal,1.0
ACC189,TRIP021,2024-02-06 06:20:23,1223,1.6,1.0,9.3,6,28.6592,77.2383,0.22679884805388584,0.013947421860319146,Normal,1.0
ACC049,TRIP021,2024-02-06 06:22:52,1372,0.9,1.9,9.3,38,12.8265,77.5035,0.5698227884745892,0.0014468683070573342,Normal,1.0
ACC176,TRIP021,2024-02-06 06:23:55,1435,1.0,0.9,8.7,60,19.1912,72.6286,0.3956070020316451,0.012016146023103058,Normal,1.0
ACC053,TRIP021,2024-02-06 06:25:25,1525,1.7,0.6,9.3,57,12.8257,77.4949,0.39352248733246187,0.005082369255829149,Normal,1.0
ACC070,TRIP021,2024-02-06 06:25:43,1543,2.6,0.4,9.1,13,28.6707,77.2641,0.18664328605877953,0.045989647214510376,Sudden Deceleration,0.95
ACC114,TRIP021,2024-02-06 06:25:44,1544,0.2,0.6,9.6,39,19.197,72.6361,1.0963964440029892,1.9981337555595053,Sudden Acceleration,0.75
ACC225,TRIP022,2024-02-06 06:20:23,1223,1.2,0.4,9.6,49,12.8551,77.514,0.0,0.0,Normal,1.0
ACC138,TRIP022,2024-02-06 06:21:20,1280,1.8,1.6,8.8,7,19.2027,72.6415,0.4048917862850834,0.020059786871773816,Normal,1.0
ACC169,TRIP022,2024-02-06 06:21:25,1285,2.0,0.7,9.1,37,28.6708,77.2505,0.38996752129499845,0.05787138114335004,Normal,1.0
ACC222,TRIP022,2024-02-06 06:23:23,1403,2.7,0.3,9.4,32,28.6705,77.2549,0.22601759821283152,0.00506486043558912,Normal,1.0
ACC077,TRIP022,2024-02-06 06:25:39,1539,2.8,0.1,9.3,36,28.6493,77.238,0.07495810849457166,0.0006262470866408429,Normal,1.0
ACC103,TRIP022,2024-02-06 06:25:46,1546,2.7,1.3,9.4,32,28.6768,77.2492,0.41302423133139715,0.027839952504279935,Normal,1.0
ACC142,TRIP022,2024-02-06 06:26:06,1566,2.0,0.6,8.6,48,28.6608,77.2262,0.15726654953285402,0.045430175548611465,Normal,1.0
ACC173,TRIP022,2024-02-06 06:28:52,1732,2.4,0.8,9.5,0,28.6643,77.2412,0.030293759918775143,0.0026612097973047794,Normal,1.0
ACC080,TRIP022,2024-02-06 06:29:58,1798,0.5,0.3,8.6,35,28.6493,77.2519,0.21866894587394192,0.02949586270682081,Normal,1.0
ACC233,TRIP023,2024-02-06 06:01:18,78,0.9,1.7,9.4,8,28.6507,77.2312,0.0,0.0,Normal,1.0
ACC131,TRIP023,2024-02-06 06:03:30,210,2.6,1.2,9.1,28,19.1913,72.6401,0.6514893194130897,0.007121407624910126,Normal,1.0
ACC237,TRIP023,2024-02-06 06:12:02,722,0.8,0.9,9.4,5,19.1774,72.6101,0.4117462105426331,0.0032410249116719557,Normal,1.0
ACC093,TRIP023,2024-02-06 06:18:22,1102,2.1,1.9,9.5,12,12.8201,77.5263,0.10871421843766549,0.004283686825847446,Normal,1.0
ACC161,TRIP023,2024-02-06 06:27:10,1630,0.3,0.8,9.1,15,12.8561,77.4911,0.4765858888488189,0.0037453789340331552,Normal,1.0
ACC193,TRIP024,2024-02-06 06:02:02,122,1.8,1.2,8.9,7,28.6522,77.2305,0.0,0.0,Normal,1.0
ACC235,TRIP024,2024-02-06 06:09:50,590,0.8,0.3,8.8,40,28.6584,77.2298,0.22923193327699531,0.0027968598092876925,Normal,1.0
ACC140,TRIP024,2024-02-06 06:15:59,959,2.1,1.4,9.7,32,28.6741,77.2429,0.22923193327699531,0.004524350998084118,Normal,1.0
ACC240,TRIP024,2024-02-06 06:25:05,1505,2.3,0.4,9.0,21,28.6624,77.2562,0.41581178902462845,0.00034681755831326484,Normal,1.0
ACC178,TRIP024,2024-02-06 06:25:20,1520,2.2,1.8,9.4,53,28.6751,77.2421,0.5135386963833471,0.03386737164830862,Normal,1.0
ACC121,TRIP024,2024-02-06 06:27:35,1655,2.8,1.6,9.1,52,28.6759,77.2361,0.16658339665976318,0.0028323631008077056,Normal,1.0
ACC122,TRIP024,2024-02-06 06:28:21,1701,2.8,0.6,9.1,48,28.648,77.2594,0.3080527810237764,0.007855193188351069,Normal,1.0
ACC146,TRIP025,2024-02-06 06:00:02,2,2.0,1.1,9.0,12,12.8546,77.5223,0.0,0.0,Normal,1.0
ACC234,TRIP025,2024-02-06 06:02:42,162,0.2,0.5,8.7,60,28.6561,77.25,0.6874467387546708,0.010900162258682594,Normal,1.0
ACC099,TRIP025,2024-02-06 06:06:47,407,0.5,0.2,9.8,39,19.1927,72.619,0.8097835725701668,0.0,Sudden Maneuver,0.85
ACC227,TRIP025,2024-02-06 06:08:09,489,1.0,1.6,9.1,53,28.6686,77.2347,0.6316906343389692,0.01644243592314476,Normal,0.85
ACC152,TRIP025,2024-02-06 06:09:07,547,2.5,0.6,8.9,37,12.8336,77.5208,0.7766520307304707,0.011796479310778743,Normal,0.85
ACC202,TRIP025,2024-02-06 06:09:40,580,2.1,1.2,9.2,19,28.6418,77.2425,0.2836011335256596,0.0046155970286946455,Normal,0.85
ACC209,TRIP025,2024-02-06 06:18:06,1086,1.6,1.8,9.0,46,19.1688,72.6353,0.32500787186664803,2.0471163500208487e-05,Normal,0.85
ACC058,TRIP025,2024-02-06 06:21:20,1280,1.0,1.3,9.3,9,19.1861,72.6143,0.07094671444018952,0.003959778191096838,Normal,0.85
ACC045,TRIP026,2024-02-06 06:05:18,318,0.7,1.6,8.6,24,19.1937,72.6236,0.0,0.0,Normal,1.0
ACC164,TRIP026,2024-02-06 06:05:23,323,0.3,1.9,9.8,19,12.8561,77.5164,0.25580856461537205,0.03542269730196725,Normal,1.0
ACC102,TRIP026,2024-02-06 06:08:30,510,2.8,0.3,8.7,29,28.658,77.2273,1.3074587771637456,0.004772658619778664,Sudden Maneuver,0.85
ACC119,TRIP026,2024-02-06 06:12:38,758,0.3,1.3,8.5,26,19.1797,72.6271,1.237261806091875,0.005975238555052866,Sudden Maneuver,0.7
ACC236,TRIP026,2024-02-06 06:17:03,1023,1.8,0.1,9.2,15,28.6556,77.2298,1.2884989734952939,0.001768336721959853,Sudden Maneuver,0.55
ACC098,TRIP026,2024-02-06 06:17:35,1055,2.0,1.3,8.6,60,28.6441,77.2287,0.5208767153454669,0.01820613908260369,Normal,0.55
ACC126,TRIP026,2024-02-06 06:23:36,1416,0.8,1.4,9.0,35,19.1695,72.6189,0.4752749919571898,0.002141054123865936,Normal,0.55
ACC124,TRIP026,2024-02-06 06:23:56,1436,2.7,1.2,9.2,12,12.8336,77.5245,0.6334258829691445,0.06711028954395608,Normal,0.55
ACC190,TRIP026,2024-02-06 06:29:57,1797,2.3,1.5,8.8,28,28.6419,77.2515,0.15967760738301662,0.0005782584404145026,Normal,0.55
ACC113,TRIP027,2024-02-06 06:00:39,39,2.3,0.2,9.7,14,12.8301,77.4926,0.0,0.0,Normal,1.0
ACC210,TRIP027,2024-02-06 06:04:59,299,0.8,0.4,8.7,48,28.6699,77.2348,0.37690927032482097,0.005439431096627395,Normal,1.0
ACC118,TRIP027,2024-02-06 06:10:17,617,2.6,1.2,8.7,36,28.647,77.2532,0.03123983343026826,0.0061922547850797325,Normal,1.0
ACC241,TRIP027,2024-02-06 06:15:51,951,2.9,1.0,8.7,8,28.6443,77.2565,0.10034830802765232,0.000610802746647673,Normal,1.0
ACC120,TRIP027,2024-02-06 06:21:41,1301,2.7,1.0,8.7,11,12.8242,77.5277,0.022646184468054775,0.0005381037721657135,Normal,1.0
ACC071,TRIP028,2024-02-06 06:00:04,4,3.0,0.6,9.5,29,12.8561,77.4959,0.0,0.0,Normal,1.0
ACC187,TRIP028,2024-02-06 06:01:03,63,0.3,1.0,9.0,43,28.6582,77.2437,1.081943972467149,0.03415900097058671,Sudden Maneuver,0.85
ACC074,TRIP028,2024-02-06 06:02:44,164,2.6,0.2,8.6,55,28.6436,77.2638,1.2025676410472514,0.015481686249405985,Sudden Maneuver,0.7
ACC180,TRIP028,2024-02-06 06:18:35,1115,2.7,1.3,8.6,17,12.824,77.5167,0.3719514527409431,0.0004090261310970346,Normal,0.7
ACC100,TRIP028,2024-02-06 06:19:38,1178,0.7,1.4,9.1,15,19.184,72.6454,0.6584253737833693,0.022720908388960105,Normal,0.7
ACC135,TRIP028,2024-02-06 06:21:11,1271,0.3,1.9,8.6,48,28.6769,77.2376,0.30704573201879093,0.0038525894829815224,Normal,0.7
ACC043,TRIP029,2024-02-06 06:01:01,61,0.4,0.5,9.3,35,28.6408,77.2422,0.0,0.0,Normal,1.0
ACC106,TRIP029,2024-02-06 06:13:04,784,2.1,1.4,8.6,26,28.6405,77.2314,0.3080527810237764,0.0026052191826853497,Normal,1.0
ACC191,TRIP029,2024-02-06 06:13:36,816,1.3,0.3,9.1,42,19.1823,72.6431,0.36120375549368167,0.037178733950379975,Normal,1.0
ACC171,TRIP029,2024-02-06 06:28:20,1700,0.6,1.8,9.7,51,12.8412,77.5258,1.0222469243443686,0.0006371042869778213,Sudden Maneuver,0.85
ACC085,TRIP030,2024-02-06 06:08:31,511,2.0,0.8,9.2,55,19.2017,72.6184,0.0,0.0,Normal,1.0
ACC060,TRIP030,2024-02-06 06:10:29,629,0.8,0.6,9.2,5,12.8552,77.5226,0.26299473168091947,0.009780219685201711,Normal,1.0
ACC212,TRIP030,2024-02-06 06:11:01,661,2.6,1.3,8.7,4,28.663,77.2648,0.17985349979247828,0.059590261585928964,Normal,1.0
ACC243,TRIP030,2024-02-06 06:18:32,1112,1.5,0.2,9.3,18,12.8406,77.5288,0.3310960767041321,0.003090052717755147,Normal,1.0
ACC206,TRIP030,2024-02-06 06:19:34,1174,1.3,1.3,8.9,25,19.2003,72.633,0.6528466311007742,0.005245210258755938,Normal,1.0
ACC157,TRIP030,2024-02-06 06:29:43,1783,2.0,0.4,9.1,16,12.8206,77.4951,0.5880026035475675,0.00033026301207239795,Normal,1.0
ACC089,TRIP030,2024-02-06 06:29:44,1784,0.8,0.1,8.8,21,12.834,77.5221,0.07304056530311934,1.2333820306072591,Sudden Maneuver,0.85
